{"cameraMode":{"drawMode":0,"name":"Shaded","section":"Shading Mode"},"sceneLighting":false,"audioPlay":false,"sceneViewState":{"showFog":true,"showMaterialUpdate":false,"showSkybox":true,"showFlares":true,"showImageEffects":true,"showParticleSystems":true},"in2DMode":false,"pivot":{"x":9.845314025878907,"y":-13.084684371948243,"z":-120.61722564697266},"rotation":{"x":-0.20908525586128236,"y":-0.10188363492488861,"z":0.021909967064857484,"w":-0.972332775592804},"size":45.50336456298828,"orthographic":false}